normalized_neck_length,nose_depth,neck_angle,shoulder_width,head_tilt,nose_depth,left_shoulder_depth,right_shoulder_depth
0.5953329801559448,-1.0115717649459839,128.89315443689955,192,177.436229788535,-1.0115717649459839,-0.2599483132362366,-0.45194587111473083
0.5910402536392212,-0.9966251254081726,129.16050768848257,186,176.4785466230778,-0.9966251254081726,-0.257413387298584,-0.44573837518692017
0.5820851922035217,-0.9310311079025269,125.39026187494721,150,172.03038960567864,-0.9310311079025269,-0.19689741730690002,-0.42350396513938904
0.5774897933006287,-0.8921307325363159,125.21759296819272,138,172.0565281894096,-0.8921307325363159,-0.18512244522571564,-0.4247148036956787
0.571803629398346,-0.6935564279556274,140.63068275763524,198,174.36931724236476,-0.6935564279556274,-0.19503386318683624,-0.3493437170982361
0.5685033202171326,-0.7933336496353149,130.7045534284816,167,173.77417093557423,-0.7933336496353149,-0.164444237947464,-0.35907256603240967
0.5690491199493408,-0.7118914723396301,126.9141585713874,40,29.74488129694222,-0.7118914723396301,-0.12640422582626343,-0.45294755697250366
0.5691346526145935,-0.5976240634918213,131.67462629941846,10,4.398705354995531,-0.5976240634918213,-0.0967712253332138,-0.472543865442276
0.5677422285079956,-0.6249620914459229,130.6275710841222,47,2.436648246810131,-0.6249620914459229,-0.103949174284935,-0.5157670378684998
0.5721819400787354,-0.5714811086654663,133.24187703032655,119,0.6095065766751959,-0.5714811086654663,-0.0848158746957779,-0.5572953224182129
0.5720431208610535,-0.5127366781234741,136.5911402711946,134,0.5672664098579344,-0.5127366781234741,-0.05854270979762077,-0.5446317195892334
0.5726916193962097,-0.5343220233917236,135.09694708093645,135,0.4476141708605531,-0.5343220233917236,-0.06541784852743149,-0.552398145198822
0.5753881335258484,-0.6348739862442017,127.92769364497984,162,0.0,-0.6348739862442017,-0.0811561644077301,-0.5983535051345825
0.5807255506515503,-0.5783417820930481,131.2967009708858,153,0.0,-0.5783417820930481,-0.07333128899335861,-0.5774742364883423
0.5804523229598999,-0.5111699104309082,136.11535214456939,135,-0.5161642297648364,-0.5111699104309082,-0.06533779948949814,-0.547191858291626
0.5834148526191711,-0.6315549612045288,128.679430095622,56,0.0,-0.6315549612045288,-0.13958348333835602,-0.5341846942901611
0.584566056728363,-0.7451035976409912,122.29937910175066,44,0.0,-0.7451035976409912,-0.15422670543193817,-0.5370675921440125
0.5848348140716553,-0.6348749995231628,129.19176891291636,46,0.0,-0.6348749995231628,-0.1491493135690689,-0.5326048731803894
0.5841952562332153,-0.552873969078064,133.16484398432834,64,0.0,-0.552873969078064,-0.1069435328245163,-0.5111731886863708
0.5837119817733765,-0.5275083780288696,133.34113105035019,48,0.0,-0.5275083780288696,-0.09251167625188828,-0.4809305667877197
0.5820408463478088,-0.6179226636886597,127.50190012728444,72,0.7440592028887094,-0.6179226636886597,-0.09995777904987335,-0.514668345451355
0.5821852087974548,-0.5642384886741638,131.65534968173412,18,1.3971810272963765,-0.5642384886741638,-0.10384608805179596,-0.4648915231227875
0.5880396366119385,-0.5573101043701172,131.60028584087675,19,0.0,-0.5573101043701172,-0.09959600865840912,-0.462193101644516
0.5881446599960327,-0.6275237798690796,129.98688624496418,39,0.0,-0.6275237798690796,-0.151920884847641,-0.45201677083969116
0.5878166556358337,-0.6584753394126892,127.60599135740173,22,2.2025981617658053,-0.6584753394126892,-0.14764496684074402,-0.46723413467407227
0.5872982740402222,-0.6557157039642334,127.79986279948211,18,1.9749340108819766,-0.6557157039642334,-0.14341787993907928,-0.4676680564880371
0.5872917771339417,-0.733795702457428,123.2949304834723,15,2.2025981617658053,-0.733795702457428,-0.14400379359722137,-0.47281941771507263
0.5883461833000183,-0.8308514356613159,119.4384896746715,19,0.0,-0.8308514356613159,-0.16022367775440216,-0.4863958954811096
0.5882775783538818,-0.748672604560852,130.88777115528154,146,-180.0,-0.748672604560852,-0.1883317530155182,-0.3774581253528595
0.5869615077972412,-0.8405566215515137,130.6718559141511,162,-179.10482628978895,-0.8405566215515137,-0.21845638751983643,-0.3905104994773865
0.587263286113739,-0.8614465594291687,133.45184230102205,178,-179.19307054489764,-0.8614465594291687,-0.2371949702501297,-0.3908321261405945
0.5886532664299011,-0.8899067044258118,133.64528474896937,183,-179.2151753970081,-0.8899067044258118,-0.2375839650630951,-0.3836914002895355
0.5892388820648193,-0.8816013336181641,152.65012421993012,224,-177.978635059644,-0.8816013336181641,-0.2709950804710388,-0.34250253438949585
0.5883245468139648,-0.9155416488647461,161.80328589358925,233,-178.0474909506004,-0.9155416488647461,-0.3109279274940491,-0.35772448778152466
0.5896235108375549,-0.856724739074707,-156.8734796112512,233,-177.87890360333856,-0.856724739074707,-0.2934075593948364,-0.2532188296318054
0.5895366668701172,-0.8670523762702942,-146.12731706206836,222,-177.51044707800085,-0.8670523762702942,-0.3429819941520691,-0.27031201124191284
0.589016318321228,-0.807638943195343,-142.4697521377841,214,-176.1214754971523,-0.807638943195343,-0.34670835733413696,-0.2543720006942749
0.589130699634552,-0.7932595014572144,-140.7646151651582,210,-175.84035770628736,-0.7932595014572144,-0.34508973360061646,-0.2463492900133133
0.5907912850379944,-0.7420262694358826,-139.0402040184042,202,-174.92039213998544,-0.7420262694358826,-0.33286184072494507,-0.22164079546928406
0.5946745276451111,-0.7319617867469788,-144.71118303318804,213,-176.30861401354872,-0.7319617867469788,-0.3032098114490509,-0.22754624485969543
0.5975152850151062,-0.708076536655426,-139.46546417070752,198,-175.2363583092738,-0.708076536655426,-0.3198279142379761,-0.21549002826213837
0.5985702872276306,-0.6497436761856079,-144.4237651616837,205,-174.70991879462875,-0.6497436761856079,-0.3098907470703125,-0.22367247939109802
0.6094799637794495,-0.6800230741500854,-141.4698199851732,201,-172.47617956136136,-0.6800230741500854,-0.30849844217300415,-0.22043922543525696
0.6102607250213623,-0.6690351366996765,-141.99303244730942,201,-171.2538377374448,-0.6690351366996765,-0.31031712889671326,-0.22292160987854004
0.6102218627929688,-0.677440881729126,-140.08983650928786,197,-170.7273982227997,-0.677440881729126,-0.32046839594841003,-0.22468478977680206
0.6103724241256714,-0.6961042284965515,-138.63295073948822,194,-170.3401069215577,-0.6961042284965515,-0.32028430700302124,-0.21993453800678253
0.6102696061134338,-0.6966801881790161,-139.4868526385484,197,-169.79602627826833,-0.6966801881790161,-0.3191860616207123,-0.22240455448627472
0.6102334856987,-0.7560707926750183,-137.800887087268,199,-170.36246188706906,-0.7560707926750183,-0.31997767090797424,-0.22799842059612274
0.6102538704872131,-0.7391519546508789,-144.66506651224435,212,-172.8749836510982,-0.7391519546508789,-0.29023635387420654,-0.22802214324474335
0.6102036833763123,-0.7640775442123413,-137.4604145385917,199,-169.9920201985587,-0.7640775442123413,-0.3255298435688019,-0.23315027356147766
0.6102237105369568,-0.7195614576339722,-145.05088726684497,212,-172.763077974032,-0.7195614576339722,-0.2965402603149414,-0.23259663581848145
0.6106529831886292,-0.7480201721191406,-139.1346713737364,201,-171.57303097851934,-0.7480201721191406,-0.3199266195297241,-0.2317911684513092
0.610407292842865,-0.6796865463256836,-143.5427899076757,206,-172.1466866980218,-0.6796865463256836,-0.3091701865196228,-0.23097045719623566
0.6095654964447021,-0.7059773802757263,-144.66506651224435,210,-171.7405620201212,-0.7059773802757263,-0.29833608865737915,-0.23167617619037628
0.6093823313713074,-0.6545438766479492,-150.11716765458718,216,-171.86989764584402,-0.6545438766479492,-0.2614186406135559,-0.2153814136981964
0.6086781620979309,-0.6455608606338501,-149.7035518237616,214,-171.75367918553147,-0.6455608606338501,-0.26169055700302124,-0.21273517608642578
0.6086814999580383,-0.6885427832603455,-147.45969341274275,213,-171.75367918553147,-0.6885427832603455,-0.26760295033454895,-0.213789701461792
0.6085292100906372,-0.5975332260131836,-142.65065095535942,199,-169.69515353123398,-0.5975332260131836,-0.2716444134712219,-0.18272444605827332
0.6082731485366821,-0.7190228700637817,-142.15451983728954,205,-170.53767779197437,-0.7190228700637817,-0.3005048632621765,-0.22463557124137878
0.6082040071487427,-0.7567161917686462,-142.4211159325706,207,-170.8376529542783,-0.7567161917686462,-0.3156091272830963,-0.2448115348815918
0.6078806519508362,-0.6317908763885498,-145.87145292585484,207,-170.53767779197437,-0.6317908763885498,-0.2904320955276489,-0.21828559041023254
0.6078507900238037,-0.6361868977546692,-147.3506582871584,211,-170.98067756861832,-0.6361868977546692,-0.28117603063583374,-0.21769781410694122
0.6079752445220947,-0.6615291237831116,-144.44225363458605,205,-170.0493733120484,-0.6615291237831116,-0.2926672101020813,-0.21756210923194885
0.6081417798995972,-0.5977374911308289,-146.30993247402023,206,-170.38027220030116,-0.5977374911308289,-0.27619922161102295,-0.19980765879154205
0.6075888872146606,-0.6167275905609131,-146.45709596764306,207,-171.32682595212023,-0.6167275905609131,-0.27897679805755615,-0.2073143720626831
0.607818603515625,-0.7033656239509583,-146.75293225066417,213,-171.5110561194953,-0.7033656239509583,-0.27904656529426575,-0.22193188965320587
0.6074268221855164,-0.7700077891349792,-145.29381319728427,211,-171.38435181583588,-0.7700077891349792,-0.30487295985221863,-0.24721631407737732
0.6068395972251892,-0.7397104501724243,-150.30084557245,216,-171.86989764584402,-0.7397104501724243,-0.2906532287597656,-0.248467355966568
0.605955958366394,-0.7241843938827515,-147.14738637590872,211,-171.2538377374448,-0.7241843938827515,-0.29780706763267517,-0.24155709147453308
0.6059045791625977,-0.7509661912918091,-146.55457564787943,213,-172.23483398157467,-0.7509661912918091,-0.30657145380973816,-0.24918191134929657
0.6058233380317688,-0.6951159238815308,-145.68033386560995,209,-171.6070748126075,-0.6951159238815308,-0.3017006516456604,-0.23407001793384552
0.6060912013053894,-0.6956645250320435,-145.9697579668006,209,-171.7405620201212,-0.6956645250320435,-0.30025845766067505,-0.23397445678710938
0.6065962314605713,-0.7243797183036804,-144.34161498594653,209,-171.7405620201212,-0.7243797183036804,-0.2990124821662903,-0.23216240108013153
0.6064121127128601,-0.6189302206039429,-146.50699370735097,206,-171.32682595212023,-0.6189302206039429,-0.28649216890335083,-0.21383199095726013
0.6060998439788818,-0.7374531030654907,-146.11521519642145,212,-173.08877288097534,-0.7374531030654907,-0.30357980728149414,-0.24093680083751678
0.6058990359306335,-0.7713404893875122,-147.54243982393427,215,-173.38653951768526,-0.7713404893875122,-0.3035591244697571,-0.25038501620292664
0.6026000380516052,-0.794418454170227,-152.2759437640286,220,-174.5962086397503,-0.794418454170227,-0.3034500181674957,-0.2655269503593445
0.5977776050567627,-0.8426548838615417,-160.3461759419467,224,-174.93638314696992,-0.8426548838615417,-0.3139319121837616,-0.2949068248271942
0.5937327146530151,-0.8533822894096375,-171.1932073055647,228,-175.8653286262636,-0.8533822894096375,-0.31357356905937195,-0.31656768918037415
0.5918081998825073,-0.8568242788314819,175.15259260943228,228,-175.96228937902288,-0.8568242788314819,-0.29139530658721924,-0.322646826505661
0.5907691121101379,-0.8968631029129028,154.32006601080047,216,-176.42366562500266,-0.8968631029129028,-0.28908437490463257,-0.3710322380065918
0.5906482338905334,-0.8691008687019348,142.90716270295846,203,-176.18592516570965,-0.8691008687019348,-0.2389102727174759,-0.35125067830085754
0.5896492004394531,-0.7950653433799744,138.03477782339263,179,-177.35745470593528,-0.7950653433799744,-0.21621079742908478,-0.3680228292942047
0.5892699360847473,-0.5996738076210022,132.9649655431401,10,-9.782407031807287,-0.5996738076210022,-0.14981764554977417,-0.4868006110191345
0.5888537764549255,-0.6009507179260254,133.1523897340054,24,-7.352379359892361,-0.6009507179260254,-0.16170689463615417,-0.4828701615333557
0.588118314743042,-0.5644179582595825,134.4052554847815,14,-4.573921259900861,-0.5644179582595825,-0.13236090540885925,-0.494091272354126
0.5873674750328064,-0.5042868852615356,137.06011102372312,56,-2.759107658620273,-0.5042868852615356,-0.08578655868768692,-0.49326714873313904
0.5868714451789856,-0.5319899320602417,135.8069294551024,28,-2.683775159468984,-0.5319899320602417,-0.1151706725358963,-0.4886714518070221
0.5869997143745422,-0.5508206486701965,135.0,28,-2.602562202499806,-0.5508206486701965,-0.12758666276931763,-0.500501811504364
0.5868873000144958,-0.5267328023910522,135.49995048300804,32,-3.632950739488207,-0.5267328023910522,-0.1033337265253067,-0.4826904833316803
0.5872002840042114,-0.48456963896751404,138.68799630536233,40,-3.576334374997351,-0.48456963896751404,-0.0891890898346901,-0.4755830764770508
0.5872002840042114,-0.5072754621505737,138.0237427200179,16,-3.632950739488207,-0.5072754621505737,-0.11381302028894424,-0.4741286337375641
0.5875632166862488,-0.4918456971645355,138.05709121042256,25,-3.8140748342903543,-0.4918456971645355,-0.10031826794147491,-0.46910491585731506
0.5875318646430969,-0.5043273568153381,137.39026921944327,16,-3.945186229037563,-0.5043273568153381,-0.10750706493854523,-0.4664848744869232
0.5874921679496765,-0.5083734393119812,136.53160779201102,11,-4.236394799058841,-0.5083734393119812,-0.10218992084264755,-0.4576498568058014
0.586734414100647,-0.5113190412521362,136.01218761398246,20,-4.159642293712642,-0.5113190412521362,-0.09727595746517181,-0.46160888671875
0.5864391922950745,-0.4953530430793762,137.16691468318666,25,-4.014175695411026,-0.4953530430793762,-0.09101279824972153,-0.4603380262851715
0.5865435004234314,-0.4974820613861084,136.85425171484778,23,-3.945186229037563,-0.4974820613861084,-0.09342377632856369,-0.46060657501220703
0.5865557193756104,-0.5371920466423035,137.3816344569097,41,-8.13010235415598,-0.5371920466423035,-0.15076684951782227,-0.4484589695930481
0.5872359871864319,-0.54029381275177,137.59784533583448,19,-5.710593137499642,-0.54029381275177,-0.14940932393074036,-0.47189393639564514
0.5873917937278748,-0.5453184843063354,136.74191080418936,23,-5.710593137499642,-0.5453184843063354,-0.14766670763492584,-0.4641924500465393
0.5887277126312256,-0.5522599816322327,135.60735300480954,32,-5.194428907734807,-0.5522599816322327,-0.14546577632427216,-0.4526798725128174
0.5876860022544861,-0.5343838334083557,137.48955292199915,66,-18.43494882292201,-0.5343838334083557,-0.14438185095787048,-0.4144853949546814
0.5876061320304871,-0.5445226430892944,136.8476102659946,64,-19.983106521899977,-0.5445226430892944,-0.1440371572971344,-0.41645485162734985
0.5875809788703918,-0.5507686138153076,136.53160779201102,63,-23.962488974578182,-0.5507686138153076,-0.14356420934200287,-0.4176720976829529
0.5875738263130188,-0.5506357550621033,136.85425171484778,79,-45.0,-0.5506357550621033,-0.14634759724140167,-0.4037712514400482
0.5875785946846008,-0.5601544976234436,135.80978041691088,75,-45.0,-0.5601544976234436,-0.14194253087043762,-0.4055340886116028
0.5875498056411743,-0.6512402892112732,132.79371603704834,106,-170.13419305691565,-0.6512402892112732,-0.17416831851005554,-0.4049130976200104
0.5879320502281189,-0.6392840147018433,136.53160779201102,137,-175.10090754621226,-0.6392840147018433,-0.1890273541212082,-0.3875889182090759
0.5878466367721558,-0.6201207041740417,148.978368962849,199,-175.7321066997092,-0.6201207041740417,-0.21243734657764435,-0.3298167586326599
0.588042676448822,-0.6243149042129517,153.27710960922013,214,-176.98721249581666,-0.6243149042129517,-0.21565797924995422,-0.30701178312301636
0.5879368185997009,-0.795960545539856,154.1481374579396,225,-177.17287542183874,-0.795960545539856,-0.2449755221605301,-0.30832135677337646
0.5879994630813599,-0.7435330748558044,150.8289074013645,217,-176.2359651350943,-0.7435330748558044,-0.23466050624847412,-0.32274937629699707
0.5879473090171814,-0.7794867753982544,150.46615192743567,218,-176.33221194446858,-0.7794867753982544,-0.24112634360790253,-0.3261374235153198
0.5876808762550354,-0.7423155903816223,150.61440143452822,215,-177.1014232007183,-0.7423155903816223,-0.23576191067695618,-0.32958462834358215
0.5876705646514893,-0.7233310341835022,152.1929584684989,216,-177.13759477388825,-0.7233310341835022,-0.2334717959165573,-0.32289496064186096
0.5856883525848389,-0.757672131061554,147.54141959085692,207,-176.98721249581666,-0.757672131061554,-0.22647233307361603,-0.3317964971065521
0.5854477286338806,-0.7571746706962585,149.52593906105568,211,-177.06432655357884,-0.7571746706962585,-0.2347693145275116,-0.33315613865852356
0.5854335427284241,-0.6927312612533569,151.97794059866462,211,-177.06432655357884,-0.6927312612533569,-0.2306075096130371,-0.3308562636375427
0.5852789282798767,-0.702545166015625,151.98762401902545,210,-177.1014232007183,-0.702545166015625,-0.2313023805618286,-0.3321288526058197
0.585509181022644,-0.6289727687835693,158.3662195833869,219,-177.17287542183874,-0.6289727687835693,-0.22241799533367157,-0.3039371371269226
0.585129976272583,-0.8116129636764526,138.80041997765827,184,-176.53177074108288,-0.8116129636764526,-0.2248423844575882,-0.3714706301689148
0.5850459337234497,-0.6911717653274536,147.52880770915152,193,-176.77547739348012,-0.6911717653274536,-0.2247341126203537,-0.35725685954093933
0.5849843621253967,-0.7180688977241516,145.64732771037782,193,-176.72951207681643,-0.7180688977241516,-0.22592048346996307,-0.3609773516654968
0.5849682688713074,-0.6946623921394348,147.8910391171383,197,-176.9059419410829,-0.6946623921394348,-0.22575271129608154,-0.35474830865859985
0.5852192044258118,-0.7795302271842957,145.3448574814752,202,-176.2359651350943,-0.7795302271842957,-0.23756667971611023,-0.3552943766117096
0.584915041923523,-0.7764397263526917,146.53235286106673,205,-176.2359651350943,-0.7764397263526917,-0.2451731413602829,-0.35822874307632446
0.5856024026870728,-0.7050329446792603,142.94597086321295,181,-175.6676860168115,-0.7050329446792603,-0.2060844898223877,-0.35750624537467957
0.5855352282524109,-0.712427020072937,142.45929365010946,181,-175.53284093861072,-0.712427020072937,-0.20718951523303986,-0.35945385694503784
0.5855457782745361,-0.754963219165802,146.4436966967826,203,-176.13453883014824,-0.754963219165802,-0.24323710799217224,-0.35940656065940857
0.5855550169944763,-0.7113508582115173,150.2135849810736,208,-176.28471089457122,-0.7113508582115173,-0.24066117405891418,-0.34829822182655334
0.585559070110321,-0.6890010833740234,151.53843051971273,209,-177.06432655357884,-0.6890010833740234,-0.23897643387317657,-0.344396710395813
0.585503876209259,-0.6838134527206421,152.89733664317419,212,-177.1014232007183,-0.6838134527206421,-0.23779650032520294,-0.33735182881355286
0.5854848623275757,-0.6916384696960449,152.2095575205479,212,-177.1014232007183,-0.6916384696960449,-0.23741695284843445,-0.33791297674179077
0.5863720178604126,-0.7239669561386108,147.85563397290912,204,-176.94711748520757,-0.7239669561386108,-0.23149187862873077,-0.3468887209892273
0.5861343741416931,-0.7634491920471191,147.3039235540599,208,-177.0262689175199,-0.7634491920471191,-0.23919948935508728,-0.34747737646102905
0.5857519507408142,-0.7909728288650513,140.86960044301472,190,-176.63353933657018,-0.7909728288650513,-0.23354431986808777,-0.3720770478248596
0.5856645107269287,-0.7636057138442993,142.5442132977978,192,-176.68221883166518,-0.7636057138442993,-0.23491708934307098,-0.3713808059692383
0.5855210423469543,-0.715481162071228,145.46675569378237,193,-175.79464299829144,-0.715481162071228,-0.23479728400707245,-0.368945837020874
0.5855270624160767,-0.6975708603858948,148.18705990782908,201,-176.08175113593262,-0.6975708603858948,-0.23112726211547852,-0.3517215847969055
0.5857811570167542,-0.7452465295791626,148.18705990782908,207,-176.2359651350943,-0.7452465295791626,-0.2433195412158966,-0.35021230578422546
0.5857298970222473,-0.7437379956245422,148.18705990782908,207,-176.2359651350943,-0.7437379956245422,-0.24299924075603485,-0.35032758116722107
0.5857309103012085,-0.7204940915107727,149.90080228417003,209,-176.28471089457122,-0.7204940915107727,-0.24255506694316864,-0.34653279185295105
0.5857406258583069,-0.6477273106575012,155.40988283380398,215,-176.33221194446858,-0.6477273106575012,-0.23653045296669006,-0.32676205039024353
0.5857559442520142,-0.7186053395271301,149.064621761551,206,-176.18592516570965,-0.7186053395271301,-0.23636233806610107,-0.34589883685112
0.5850680470466614,-0.6981784105300903,146.80077215981856,197,-176.72951207681643,-0.6981784105300903,-0.2206663191318512,-0.3464048504829407
0.5847052335739136,-0.6820010542869568,147.34258156261245,197,-176.72951207681643,-0.6820010542869568,-0.2203153371810913,-0.3461652398109436
0.5852206945419312,-0.6360852718353271,148.6407167562914,195,-176.77547739348012,-0.6360852718353271,-0.2042638063430786,-0.3329242169857025
0.5856034159660339,-0.7608616352081299,142.5156939541157,195,-176.72951207681643,-0.7608616352081299,-0.22326770424842834,-0.35325777530670166
0.5868053436279297,-0.712396502494812,147.3039235540599,202,-176.94711748520757,-0.712396502494812,-0.2236509770154953,-0.3407140076160431
0.5869491696357727,-0.7254451513290405,147.3039235540599,204,-176.98721249581666,-0.7254451513290405,-0.2256580889225006,-0.33830714225769043
0.5869590640068054,-0.7243186235427856,148.4141024961333,208,-177.0262689175199,-0.7243186235427856,-0.2269783914089203,-0.3333515524864197
0.5872032046318054,-0.6698882579803467,154.37158112178244,216,-177.17287542183874,-0.6698882579803467,-0.2287001609802246,-0.31663092970848083
0.5872462391853333,-0.6860322952270508,152.8188889145228,214,-177.13759477388825,-0.6860322952270508,-0.22639009356498718,-0.3181242048740387
0.5872992873191833,-0.6893371343612671,151.01117747880846,210,-177.1014232007183,-0.6893371343612671,-0.22435013949871063,-0.3256143629550934
0.588936448097229,-0.676185667514801,153.59106772678032,216,-177.8524145717015,-0.676185667514801,-0.22321340441703796,-0.3130025863647461
0.5889461040496826,-0.717528760433197,151.7457505383201,214,-177.8524145717015,-0.717528760433197,-0.23036813735961914,-0.32119083404541016
0.5889661312103271,-0.7306422591209412,148.38162568945788,207,-177.76882539196876,-0.7306422591209412,-0.2301817238330841,-0.33754998445510864
0.5890825986862183,-0.6840642690658569,151.52579638992563,210,-177.7974018382342,-0.6840642690658569,-0.23028016090393066,-0.3331083655357361
0.589103102684021,-0.6588733196258545,155.73188849208287,217,-177.90474743537615,-0.6588733196258545,-0.23021595180034637,-0.3158901333808899
0.5890505313873291,-0.712303102016449,149.03624346792648,205,-177.70938995736148,-0.712303102016449,-0.23102807998657227,-0.3405735492706299
0.5890655517578125,-0.7073342800140381,148.66512502394264,205,-177.70938995736148,-0.7073342800140381,-0.2289184033870697,-0.34003156423568726
0.589077889919281,-0.7110193967819214,148.9503428133774,205,-177.70938995736148,-0.7110193967819214,-0.22936415672302246,-0.3389538526535034
0.5890890955924988,-0.7099233269691467,149.52593906105568,207,-177.73949808885874,-0.7099233269691467,-0.23041324317455292,-0.337027907371521
0.5880236029624939,-0.7014492750167847,153.90457584261168,216,-177.82525588538996,-0.7014492750167847,-0.24161246418952942,-0.3289991617202759
0.5880654454231262,-0.6725690364837646,150.10842170956735,205,-177.70938995736148,-0.6725690364837646,-0.21863611042499542,-0.3289777636528015
0.5875058770179749,-0.6809346675872803,148.38162568945788,201,-177.67846941016728,-0.6809346675872803,-0.21832311153411865,-0.3373597264289856
0.5869042277336121,-0.7986838221549988,147.6294589530254,211,-177.0262689175199,-0.7986838221549988,-0.25965243577957153,-0.3597748875617981
0.5872699618339539,-0.7380250692367554,150.27596869468223,211,-177.06432655357884,-0.7380250692367554,-0.2476147711277008,-0.3469921052455902
0.587093710899353,-0.7632578611373901,149.03624346792648,211,-177.1014232007183,-0.7632578611373901,-0.24749574065208435,-0.3468867540359497
0.5874317288398743,-0.8359756469726562,145.9973319463216,211,-177.06432655357884,-0.8359756469726562,-0.2572813630104065,-0.35653573274612427
0.587526261806488,-0.7962995767593384,142.72552182512348,199,-176.72951207681643,-0.7962995767593384,-0.23416681587696075,-0.3560757040977478
0.5875256061553955,-0.755864679813385,144.148021310425,197,-176.68221883166518,-0.755864679813385,-0.2318696677684784,-0.3557431101799011
0.5874236822128296,-0.7095178961753845,145.64061970241056,195,-176.82016988013575,-0.7095178961753845,-0.21890679001808167,-0.34735745191574097
0.58757084608078,-0.700655996799469,145.64061970241056,193,-176.77547739348012,-0.700655996799469,-0.2158077508211136,-0.34805285930633545
0.5871220827102661,-0.7505218386650085,143.62885606302493,196,-176.8636416316674,-0.7505218386650085,-0.22026625275611877,-0.34785085916519165
0.5858935117721558,-0.8068920969963074,141.0814687200729,193,-176.82016988013575,-0.8068920969963074,-0.23566773533821106,-0.3671603500843048
0.5860736966133118,-0.7360888123512268,141.43473915103672,184,-176.63353933657018,-0.7360888123512268,-0.21054275333881378,-0.3574433922767639
0.585566520690918,-0.7358709573745728,146.8945629947254,203,-176.94711748520757,-0.7358709573745728,-0.22843024134635925,-0.34371185302734375
0.5863934755325317,-0.702641487121582,149.69544545999094,205,-176.98721249581666,-0.702641487121582,-0.22501051425933838,-0.33486253023147583
0.5861684679985046,-0.7960585355758667,147.0786537105128,209,-177.0262689175199,-0.7960585355758667,-0.24120190739631653,-0.34404730796813965
0.5861616134643555,-0.7779206037521362,148.75147553684465,211,-177.0262689175199,-0.7779206037521362,-0.24481292068958282,-0.3440205454826355
0.5861638188362122,-0.7439554929733276,152.28149837181664,215,-177.17287542183874,-0.7439554929733276,-0.24421922862529755,-0.33361440896987915
0.586155354976654,-0.7328374981880188,152.66592414034398,215,-177.13759477388825,-0.7328374981880188,-0.2436787635087967,-0.33438020944595337
0.5863300561904907,-0.6890881061553955,152.0582791878123,209,-177.06432655357884,-0.6890881061553955,-0.22873251140117645,-0.33035343885421753
0.5863551497459412,-0.7426550984382629,150.27596869468223,211,-176.33221194446858,-0.7426550984382629,-0.238007590174675,-0.33688026666641235
0.587286651134491,-0.6907662749290466,149.4077320945023,203,-176.18592516570965,-0.6907662749290466,-0.21830341219902039,-0.3334207832813263
0.5870094299316406,-0.7096676826477051,148.36021844476448,203,-176.18592516570965,-0.7096676826477051,-0.21869997680187225,-0.3337419629096985
0.5870097875595093,-0.7345050573348999,149.77956018011955,209,-176.33221194446858,-0.7345050573348999,-0.23105807602405548,-0.33378472924232483
0.5879043936729431,-0.6873073577880859,152.12950686685954,210,-177.0262689175199,-0.6873073577880859,-0.23005624115467072,-0.3315785527229309
0.5878782868385315,-0.7666090726852417,146.13102351759383,204,-176.94711748520757,-0.7666090726852417,-0.23276910185813904,-0.3470192551612854
0.5878907442092896,-0.7460052967071533,148.4684148883111,207,-177.0262689175199,-0.7460052967071533,-0.23463761806488037,-0.34176865220069885
0.5881859660148621,-0.7313741445541382,147.6294589530254,203,-176.98721249581666,-0.7313741445541382,-0.2276620864868164,-0.34158703684806824
0.5878831148147583,-0.7311620712280273,145.95406264339834,198,-176.08175113593262,-0.7311620712280273,-0.22700290381908417,-0.352661669254303
0.5882038474082947,-0.6871189475059509,149.4077320945023,203,-176.18592516570965,-0.6871189475059509,-0.22476068139076233,-0.34140023589134216
0.5882041454315186,-0.7885745167732239,146.4889812021592,208,-177.1014232007183,-0.7885745167732239,-0.23851987719535828,-0.3456099033355713
0.5880246758460999,-0.7682041525840759,147.3039235540599,208,-176.28471089457122,-0.7682041525840759,-0.23730890452861786,-0.3449815809726715
0.5881884694099426,-0.720444917678833,149.83993916191292,208,-177.0262689175199,-0.720444917678833,-0.2356257140636444,-0.3412304222583771
0.5878816843032837,-0.7397069931030273,148.69587650440903,208,-176.28471089457122,-0.7397069931030273,-0.23853154480457306,-0.347255140542984
0.5877097845077515,-0.7329672574996948,147.49112138734685,204,-176.2359651350943,-0.7329672574996948,-0.23225703835487366,-0.3472020626068115
0.5877110958099365,-0.7017799019813538,150.19240900955026,207,-176.33221194446858,-0.7017799019813538,-0.22712723910808563,-0.33536356687545776
0.5877057313919067,-0.7047864198684692,149.32271997820357,205,-176.2359651350943,-0.7047864198684692,-0.2235119640827179,-0.33550238609313965
0.5875465273857117,-0.726065993309021,147.54141959085692,203,-176.18592516570965,-0.726065993309021,-0.2259884625673294,-0.34178733825683594
0.5896614193916321,-0.6507977843284607,158.7400584291324,222,-177.90474743537615,-0.6507977843284607,-0.23070184886455536,-0.3064994215965271
0.5887131094932556,-0.7700644731521606,159.38012735099375,229,-177.30571571014391,-0.7700644731521606,-0.2585602402687073,-0.3167760372161865
0.5886958837509155,-0.7941599488258362,150.48572615690975,215,-177.1014232007183,-0.7941599488258362,-0.25706034898757935,-0.3488314747810364
0.5873622298240662,-0.7719393372535706,154.60408815082945,221,-177.90474743537615,-0.7719393372535706,-0.25750717520713806,-0.3362027704715729
0.5874186754226685,-0.7670336365699768,147.1187603347252,206,-177.76882539196876,-0.7670336365699768,-0.23384681344032288,-0.3449636697769165
0.5870992541313171,-0.7500036358833313,148.0814022140543,207,-177.73949808885874,-0.7500036358833313,-0.23330016434192657,-0.3437875807285309
0.588188886642456,-0.7450593709945679,146.13102351759383,202,-177.67846941016728,-0.7450593709945679,-0.22695104777812958,-0.34692513942718506
0.5872306823730469,-0.7232535481452942,142.24541356035067,180,-176.53177074108288,-0.7232535481452942,-0.21368153393268585,-0.3680494725704193
0.5871031880378723,-0.7238187789916992,142.63777694602365,182,-176.58341180822867,-0.7238187789916992,-0.21535663306713104,-0.3670559823513031
0.586497962474823,-0.7444552183151245,145.16416963584513,196,-176.8636416316674,-0.7444552183151245,-0.2350296676158905,-0.36543798446655273
0.5876763463020325,-0.7013826966285706,145.64061970241056,195,-177.6140559696112,-0.7013826966285706,-0.2109798640012741,-0.3425142467021942
0.5876493453979492,-0.7188265919685364,145.24408744645862,196,-177.67846941016728,-0.7188265919685364,-0.21204078197479248,-0.3427761495113373
0.587651789188385,-0.7253786325454712,149.96215525432655,210,-177.82525588538996,-0.7253786325454712,-0.23345963656902313,-0.33735573291778564
0.5876671075820923,-0.6737204790115356,152.66072865799396,210,-177.7974018382342,-0.6737204790115356,-0.23125045001506805,-0.33562418818473816
0.5870717763900757,-0.6791026592254639,152.06740481846438,208,-177.7974018382342,-0.6791026592254639,-0.23217782378196716,-0.3399937152862549
0.5871716737747192,-0.6600264310836792,155.46918963248217,216,-177.82525588538996,-0.6600264310836792,-0.23480090498924255,-0.32755038142204285
0.5869330167770386,-0.7700151205062866,144.82772401116313,200,-176.82016988013575,-0.7700151205062866,-0.23600170016288757,-0.36045944690704346
0.5878105163574219,-0.7484026551246643,151.52579638992563,216,-177.7974018382342,-0.7484026551246643,-0.24179458618164062,-0.3357447683811188
0.587047815322876,-0.7983609437942505,144.9950345283871,204,-176.94711748520757,-0.7983609437942505,-0.2423069179058075,-0.35990044474601746
0.5876549482345581,-0.7844113707542419,140.40521510548493,190,-175.6676860168115,-0.7844113707542419,-0.21494321525096893,-0.35761934518814087
0.58771812915802,-0.7298152446746826,145.8640599220877,200,-176.13453883014824,-0.7298152446746826,-0.2158186137676239,-0.3412514328956604
0.5876615047454834,-0.7186539173126221,146.80579230058908,201,-176.13453883014824,-0.7186539173126221,-0.2177291363477707,-0.34050703048706055
0.5885511040687561,-0.7206910848617554,146.80579230058908,201,-176.13453883014824,-0.7206910848617554,-0.22048230469226837,-0.3421924412250519
0.5868003964424133,-0.8117888569831848,144.60857786869408,205,-176.2359651350943,-0.8117888569831848,-0.2513601779937744,-0.36695706844329834
0.5880544781684875,-0.7463242411613464,150.19240900955026,213,-177.06432655357884,-0.7463242411613464,-0.248676136136055,-0.3497113585472107
0.5878987908363342,-0.7362174391746521,147.6294589530254,205,-176.9059419410829,-0.7362174391746521,-0.23862893879413605,-0.354392409324646
0.5878808498382568,-0.7185350656509399,148.89364600348048,206,-176.98721249581666,-0.7185350656509399,-0.23369447886943817,-0.3465920388698578
0.5878275036811829,-0.7239194512367249,147.35320823417416,203,-176.98721249581666,-0.7239194512367249,-0.23181013762950897,-0.35030776262283325
0.5876684784889221,-0.7273004055023193,147.35320823417416,203,-176.18592516570965,-0.7273004055023193,-0.23189592361450195,-0.35033857822418213
0.5891408324241638,-0.7097741961479187,147.0786537105128,201,-176.18592516570965,-0.7097741961479187,-0.2219477891921997,-0.3441397249698639
0.5886869430541992,-0.7349715828895569,148.18705990782908,207,-176.33221194446858,-0.7349715828895569,-0.2344244420528412,-0.3445902466773987
0.5881944894790649,-0.7047439813613892,147.81977516339566,203,-176.98721249581666,-0.7047439813613892,-0.22368451952934265,-0.3428722023963928
0.58792644739151,-0.6830916404724121,150.10842170956735,207,-176.98721249581666,-0.6830916404724121,-0.22399970889091492,-0.33567240834236145
0.5879248380661011,-0.6861119270324707,151.07748968305597,209,-177.0262689175199,-0.6861119270324707,-0.224081352353096,-0.3288634717464447
0.5875654816627502,-0.691519021987915,150.9289079072735,210,-177.0262689175199,-0.691519021987915,-0.2253427505493164,-0.32963529229164124
0.5877155065536499,-0.6956353783607483,148.60973189581222,204,-176.94711748520757,-0.6956353783607483,-0.2251439392566681,-0.339913010597229
0.5865533947944641,-0.7882477045059204,143.09924841017389,197,-176.77547739348012,-0.7882477045059204,-0.24397489428520203,-0.3725440800189972
0.5866757035255432,-0.7104020118713379,146.57787648882274,198,-176.77547739348012,-0.7104020118713379,-0.22718839347362518,-0.3526744246482849
0.5865404605865479,-0.7448769807815552,146.7124723110875,203,-176.94711748520757,-0.7448769807815552,-0.23460695147514343,-0.35186243057250977
0.5872933268547058,-0.7311955690383911,146.75894976673857,204,-176.98721249581666,-0.7311955690383911,-0.2282959669828415,-0.34490132331848145
0.5870750546455383,-0.7215348482131958,147.80426606528675,205,-176.98721249581666,-0.7215348482131958,-0.22598588466644287,-0.34054434299468994
0.5872904062271118,-0.7214921712875366,147.2550245737389,203,-176.94711748520757,-0.7214921712875366,-0.22573637962341309,-0.34407368302345276
0.587266743183136,-0.7159966230392456,144.9950345283871,194,-176.82016988013575,-0.7159966230392456,-0.21307674050331116,-0.3443326950073242
0.5871832966804504,-0.7213366031646729,147.75330025457572,204,-176.08175113593262,-0.7213366031646729,-0.23152288794517517,-0.3483123779296875
0.5877134203910828,-0.6684228181838989,154.2144351440405,215,-176.37851529588266,-0.6684228181838989,-0.2311164140701294,-0.3260219693183899
0.587658166885376,-0.7256279587745667,150.86328678614748,213,-176.33221194446858,-0.7256279587745667,-0.23620684444904327,-0.33547061681747437
0.5876503586769104,-0.7457490563392639,148.27385078956175,209,-176.33221194446858,-0.7457490563392639,-0.23668427765369415,-0.3447542190551758
0.5878969430923462,-0.7430196404457092,148.69587650440903,210,-176.28471089457122,-0.7430196404457092,-0.23854100704193115,-0.3444676697254181
0.5878940224647522,-0.7466496229171753,148.27385078956175,209,-176.33221194446858,-0.7466496229171753,-0.23691332340240479,-0.344404011964798
0.5878061652183533,-0.6366899609565735,150.48572615690975,201,-176.08175113593262,-0.6366899609565735,-0.20815089344978333,-0.328769713640213
0.5874956846237183,-0.7340047955513,150.2135849810736,212,-176.33221194446858,-0.7340047955513,-0.24022801220417023,-0.3404683470726013
0.5876781344413757,-0.6981816291809082,152.2095575205479,212,-177.06432655357884,-0.6981816291809082,-0.23917214572429657,-0.33727163076400757
0.587511420249939,-0.6904934048652649,152.43391475746776,212,-177.0262689175199,-0.6904934048652649,-0.23813655972480774,-0.33643969893455505
0.5874749422073364,-0.748723030090332,150.79819039678156,214,-177.06432655357884,-0.748723030090332,-0.2482958287000656,-0.34448710083961487
0.5875259637832642,-0.6587139964103699,152.66072865799396,210,-177.76882539196876,-0.6587139964103699,-0.2229633629322052,-0.32484814524650574
0.5874773263931274,-0.7178663015365601,152.5924245621816,216,-177.1014232007183,-0.7178663015365601,-0.23539423942565918,-0.3254753351211548
0.5874742269515991,-0.7126388549804688,151.09302283321637,212,-177.7974018382342,-0.7126388549804688,-0.23345115780830383,-0.3331620395183563
0.5873753428459167,-0.6935399770736694,148.58599120788892,204,-176.94711748520757,-0.6935399770736694,-0.21446923911571503,-0.330476850271225
0.5873131155967712,-0.7616556286811829,149.43373011044548,212,-177.1014232007183,-0.7616556286811829,-0.23760931193828583,-0.3346610963344574
0.5873476266860962,-0.7079460024833679,152.36839528544908,214,-177.1014232007183,-0.7079460024833679,-0.23737362027168274,-0.3322266638278961
0.5871095061302185,-0.7022137641906738,151.3895403340348,210,-176.33221194446858,-0.7022137641906738,-0.234831765294075,-0.33664005994796753
0.5870468616485596,-0.7185709476470947,152.06740481846438,214,-176.33221194446858,-0.7185709476470947,-0.24147078394889832,-0.33645686507225037
0.587084174156189,-0.7086900472640991,149.14947608634517,204,-177.70938995736148,-0.7086900472640991,-0.23095202445983887,-0.34507519006729126
0.5870441198348999,-0.7038630843162537,145.77902152725954,194,-175.91438322002512,-0.7038630843162537,-0.2138684093952179,-0.3453540503978729
0.5866269469261169,-0.7337251901626587,145.4258085258848,198,-176.77547739348012,-0.7337251901626587,-0.22986271977424622,-0.35606834292411804
0.5866209864616394,-0.732839822769165,145.16416963584513,196,-176.77547739348012,-0.732839822769165,-0.22811715304851532,-0.3556895852088928
0.5861018896102905,-0.7294089794158936,146.04364881642596,198,-176.77547739348012,-0.7294089794158936,-0.23014485836029053,-0.3553867042064667
0.5862583518028259,-0.6856932640075684,150.6514064538554,207,-176.98721249581666,-0.6856932640075684,-0.23016385734081268,-0.3387158215045929
0.5862465500831604,-0.6958743929862976,150.50504418231233,208,-176.2359651350943,-0.6958743929862976,-0.2309810370206833,-0.3375285565853119
0.5862290263175964,-0.7527543902397156,151.09302283321637,214,-176.42366562500266,-0.7527543902397156,-0.24872544407844543,-0.34144848585128784
0.5866687297821045,-0.644504725933075,155.71612953114905,216,-176.37851529588266,-0.644504725933075,-0.22627489268779755,-0.3180783987045288
0.5865702033042908,-0.6750159859657288,152.74467162505695,211,-176.33221194446858,-0.6750159859657288,-0.22649720311164856,-0.32709571719169617
0.586838960647583,-0.7486315965652466,143.47114463301483,192,-175.85537625889572,-0.7486315965652466,-0.22668132185935974,-0.36143752932548523
0.5867268443107605,-0.7864419221878052,141.29317018936513,192,-175.91438322002512,-0.7864419221878052,-0.22668981552124023,-0.36277300119400024
0.5866002440452576,-0.7823280096054077,142.03133027108106,193,-175.97173633351485,-0.7823280096054077,-0.22892145812511444,-0.36209267377853394
0.586473822593689,-0.6723852753639221,146.4889812021592,190,-175.79464299829144,-0.6723852753639221,-0.21224017441272736,-0.35047370195388794
0.586469829082489,-0.7021206617355347,144.68339807364205,189,-175.85537625889572,-0.7021206617355347,-0.21401414275169373,-0.3530891239643097
0.5864658951759338,-0.7318635582923889,145.20397372173167,195,-176.02750405924934,-0.7318635582923889,-0.2281380593776703,-0.3567855954170227
0.586709201335907,-0.7166968584060669,146.75894976673857,200,-176.08175113593262,-0.7166968584060669,-0.22735634446144104,-0.34958454966545105
0.5865890383720398,-0.7167209386825562,147.3039235540599,200,-176.08175113593262,-0.7167209386825562,-0.22998178005218506,-0.35064858198165894
0.5864970088005066,-0.7324987649917603,144.9041832129739,196,-175.97173633351485,-0.7324987649917603,-0.2290247231721878,-0.35883191227912903
0.5864519476890564,-0.7327069044113159,143.00642034548395,189,-175.85537625889572,-0.7327069044113159,-0.2203613817691803,-0.36187198758125305
0.5861715078353882,-0.7154159545898438,143.00642034548395,185,-175.7321066997092,-0.7154159545898438,-0.2155606746673584,-0.3618416488170624
0.5861726999282837,-0.8783644437789917,142.8831393167297,208,-176.28471089457122,-0.8783644437789917,-0.26027461886405945,-0.36860477924346924
0.5861231088638306,-0.8767008781433105,140.50041147020193,202,-176.13453883014824,-0.8767008781433105,-0.24940645694732666,-0.3685814440250397
0.5863320231437683,-0.7548513412475586,146.3546249606759,203,-176.13453883014824,-0.7548513412475586,-0.24037377536296844,-0.3554455637931824
0.5863285660743713,-0.7668803334236145,144.64584425661198,200,-176.08175113593262,-0.7668803334236145,-0.23892605304718018,-0.3615449070930481
0.5862281322479248,-0.8013361096382141,144.00716988614104,203,-176.13453883014824,-0.8013361096382141,-0.24756808578968048,-0.3654666543006897
0.5863050222396851,-0.7957919239997864,142.15182766164443,196,-176.02750405924934,-0.7957919239997864,-0.2361212521791458,-0.36553940176963806
0.5861494541168213,-0.8083108067512512,140.27067075164095,192,-175.85537625889572,-0.8083108067512512,-0.2357737272977829,-0.3728165924549103
0.5862005352973938,-0.7203348875045776,141.41084002023246,177,-175.3893506813394,-0.7203348875045776,-0.21351198852062225,-0.3725159168243408
0.5861591696739197,-0.7050401568412781,149.2067661177604,205,-176.08175113593262,-0.7050401568412781,-0.23340706527233124,-0.34571635723114014
0.586176335811615,-0.7091637253761292,149.4923196421049,207,-176.13453883014824,-0.7091637253761292,-0.2344222515821457,-0.34338411688804626
0.5861943960189819,-0.7019616365432739,150.35910366967542,209,-176.18592516570965,-0.7019616365432739,-0.23602505028247833,-0.3430156707763672
0.5862003564834595,-0.7168846726417542,149.63572899983967,208,-176.18592516570965,-0.7168846726417542,-0.23944170773029327,-0.3474716544151306
0.5861173272132874,-0.6404509544372559,154.7617255868261,214,-177.06432655357884,-0.6404509544372559,-0.22619199752807617,-0.32272031903266907
0.5861594080924988,-0.7111384868621826,150.79819039678156,212,-177.06432655357884,-0.7111384868621826,-0.22721624374389648,-0.3279418349266052
0.5861052870750427,-0.7173317670822144,154.13364320590549,220,-177.17287542183874,-0.7173317670822144,-0.24266377091407776,-0.32656246423721313
0.5870429873466492,-0.7411069869995117,153.51216680785998,220,-177.17287542183874,-0.7411069869995117,-0.2495458424091339,-0.3327403664588928
0.5867412686347961,-0.7360955476760864,149.2067661177604,209,-177.06432655357884,-0.7360955476760864,-0.2371852844953537,-0.3432449400424957
0.5860884189605713,-0.7243396043777466,149.69544545999094,209,-177.06432655357884,-0.7243396043777466,-0.23711061477661133,-0.3433186411857605
0.5859788656234741,-0.6790632009506226,150.130200777048,204,-176.9059419410829,-0.6790632009506226,-0.227650448679924,-0.34329670667648315
0.5859410166740417,-0.6948752403259277,150.130200777048,206,-176.94711748520757,-0.6948752403259277,-0.23121671378612518,-0.3424799144268036
0.5874249339103699,-0.6694677472114563,152.5924245621816,212,-177.0262689175199,-0.6694677472114563,-0.22576510906219482,-0.32745444774627686
0.5867651700973511,-0.6866495609283447,150.79819039678156,208,-177.0262689175199,-0.6866495609283447,-0.22072765231132507,-0.3281804919242859
0.5867012143135071,-0.6983663439750671,149.83993916191292,208,-177.0262689175199,-0.6983663439750671,-0.220645472407341,-0.32938846945762634
0.5865122675895691,-0.7211064696311951,145.2947822181207,195,-176.72951207681643,-0.7211064696311951,-0.22018365561962128,-0.3512374758720398
0.5864860415458679,-0.6816826462745667,150.4221613187387,206,-176.98721249581666,-0.6816826462745667,-0.21853554248809814,-0.32876843214035034
0.5863961577415466,-0.6619591116905212,152.51338037571207,210,-177.06432655357884,-0.6619591116905212,-0.21546153724193573,-0.3175319731235504
0.5863416194915771,-0.6721304059028625,152.8188889145228,212,-177.1014232007183,-0.6721304059028625,-0.2195754498243332,-0.317819207906723
0.5861455202102661,-0.6522759199142456,155.00430362767102,214,-177.1014232007183,-0.6522759199142456,-0.22486713528633118,-0.31810110807418823
0.5857968926429749,-0.7170892953872681,151.9074233807091,214,-176.33221194446858,-0.7170892953872681,-0.23384849727153778,-0.32834550738334656
0.5869009494781494,-0.7154472470283508,150.4221613187387,210,-176.98721249581666,-0.7154472470283508,-0.23054008185863495,-0.33232149481773376
0.5862159132957458,-0.7065011262893677,150.50504418231233,208,-176.98721249581666,-0.7065011262893677,-0.22877013683319092,-0.33395493030548096
0.5862550139427185,-0.704623818397522,152.2891859847469,214,-177.06432655357884,-0.704623818397522,-0.23471371829509735,-0.33099931478500366
0.5863175988197327,-0.6752332448959351,153.82207657707295,214,-177.06432655357884,-0.6752332448959351,-0.234432652592659,-0.33021479845046997
0.5862754583358765,-0.691254734992981,151.8374726256764,211,-177.0262689175199,-0.691254734992981,-0.22611825168132782,-0.3275003135204315
0.5862132906913757,-0.710282027721405,151.09302283321637,212,-177.06432655357884,-0.710282027721405,-0.22601671516895294,-0.3274995982646942
0.5864897966384888,-0.6944606304168701,152.2095575205479,212,-177.06432655357884,-0.6944606304168701,-0.22591134905815125,-0.3254765272140503
0.5864723920822144,-0.6989057064056396,151.53843051971273,211,-177.06432655357884,-0.6989057064056396,-0.22773070633411407,-0.32995373010635376
0.5859917402267456,-0.6988075971603394,151.3895403340348,210,-177.06432655357884,-0.6988075971603394,-0.22765080630779266,-0.33126240968704224
0.5862893462181091,-0.6761459112167358,153.1260796881701,212,-177.1014232007183,-0.6761459112167358,-0.22593161463737488,-0.3253921866416931
0.5861690640449524,-0.689158022403717,152.2891859847469,212,-177.0262689175199,-0.689158022403717,-0.22973482310771942,-0.33117443323135376
0.5862166285514832,-0.6768736839294434,153.20391870602654,212,-177.06432655357884,-0.6768736839294434,-0.23058728873729706,-0.3311414122581482
0.586181104183197,-0.7001487612724304,152.44059588165752,213,-177.06432655357884,-0.7001487612724304,-0.23193922638893127,-0.3303810656070709
0.5875352025032043,-0.6983411312103271,153.20235559650536,215,-177.1014232007183,-0.6983411312103271,-0.2346782237291336,-0.32809945940971375
0.5871110558509827,-0.8305941820144653,145.2947822181207,209,-177.0262689175199,-0.8305941820144653,-0.25125131011009216,-0.3589017987251282
0.5870985388755798,-0.771361768245697,142.76025845702293,195,-176.63353933657018,-0.771361768245697,-0.22271192073822021,-0.3550282418727875
0.5866931676864624,-0.706023633480072,143.75455478915595,189,-175.3141001604973,-0.706023633480072,-0.21075622737407684,-0.3527210056781769
0.586467444896698,-0.6647552847862244,146.62375598406567,191,-175.6012946450045,-0.6647552847862244,-0.21060912311077118,-0.34926262497901917
0.5863350629806519,-0.711696982383728,146.176583344319,197,-175.97173633351485,-0.711696982383728,-0.22135372459888458,-0.34917205572128296
0.5869937539100647,-0.692523717880249,148.0814022140543,201,-176.9059419410829,-0.692523717880249,-0.22124187648296356,-0.342102974653244
0.5869932174682617,-0.7901596426963806,148.4684148883111,213,-177.1014232007183,-0.7901596426963806,-0.2511391341686249,-0.3485815227031708
0.5868204236030579,-0.7827009558677673,146.6699954764707,208,-177.06432655357884,-0.7827009558677673,-0.24519529938697815,-0.3519669473171234
0.5869407653808594,-0.7515307664871216,145.59877235416172,202,-176.98721249581666,-0.7515307664871216,-0.23314568400382996,-0.35205623507499695
0.5868611931800842,-0.8142995834350586,142.91319129926546,201,-176.9059419410829,-0.8142995834350586,-0.24365779757499695,-0.36382418870925903
0.5868579149246216,-0.7984315156936646,143.66205225322557,201,-176.9059419410829,-0.7984315156936646,-0.2433670461177826,-0.36349183320999146
0.5869653820991516,-0.6889275312423706,142.73094207364406,178,-176.58341180822867,-0.6889275312423706,-0.19995924830436707,-0.3562050759792328
0.586943507194519,-0.7417966723442078,140.82634202955578,182,-176.58341180822867,-0.7417966723442078,-0.20820119976997375,-0.35817843675613403
0.5868852734565735,-0.7677625417709351,139.3510779515739,181,-176.53177074108288,-0.7677625417709351,-0.2134259194135666,-0.36621037125587463
0.5866597890853882,-0.7268123626708984,139.9109758466513,174,-176.1214754971523,-0.7268123626708984,-0.20834004878997803,-0.3708789646625519
0.5865375399589539,-0.7148605585098267,141.05898772397833,176,-176.24827092947405,-0.7148605585098267,-0.2085231989622116,-0.3678879141807556
0.5865250825881958,-0.715071976184845,144.2257896890375,190,-176.4785466230778,-0.715071976184845,-0.22719192504882812,-0.36680731177330017
0.586823582649231,-0.700910210609436,151.9175346979099,213,-177.0262689175199,-0.700910210609436,-0.23544247448444366,-0.33262553811073303
0.5869714021682739,-0.7007746696472168,151.47042843960858,212,-177.06432655357884,-0.7007746696472168,-0.23270943760871887,-0.33075040578842163
0.5869554877281189,-0.7027431726455688,149.43373011044548,208,-176.98721249581666,-0.7027431726455688,-0.22439977526664734,-0.3319512605667114
0.5856301188468933,-0.7028950452804565,148.22060018733765,204,-176.94711748520757,-0.7028950452804565,-0.22404341399669647,-0.338279664516449
0.585575520992279,-0.6905456781387329,148.5002572270567,202,-176.13453883014824,-0.6905456781387329,-0.22170308232307434,-0.33879974484443665
0.5851258039474487,-0.7038666009902954,144.15535122408212,188,-175.79464299829144,-0.7038666009902954,-0.2139357328414917,-0.35496118664741516
0.5847899317741394,-0.687548041343689,145.04658014110765,189,-175.79464299829144,-0.687548041343689,-0.21410131454467773,-0.3547336459159851
0.5846102237701416,-0.7305431365966797,140.100316345343,176,-175.3893506813394,-0.7305431365966797,-0.20974799990653992,-0.37108033895492554
0.584443211555481,-0.7468110918998718,145.1755108430432,198,-176.02750405924934,-0.7468110918998718,-0.240807443857193,-0.366424560546875
0.5854840874671936,-0.7342578172683716,146.57787648882274,202,-176.9059419410829,-0.7342578172683716,-0.24018016457557678,-0.36047086119651794
0.5854955315589905,-0.7329068183898926,142.24541356035067,188,-176.68221883166518,-0.7329068183898926,-0.20941248536109924,-0.35226964950561523
0.585602343082428,-0.7920839190483093,138.47440736753168,183,-176.4785466230778,-0.7920839190483093,-0.2185043841600418,-0.3684655427932739
0.5857595801353455,-0.7839586138725281,140.2514018218506,187,-176.53177074108288,-0.7839586138725281,-0.23155906796455383,-0.3746025562286377
0.5857794880867004,-0.7414525747299194,144.48057508396536,194,-176.82016988013575,-0.7414525747299194,-0.23405678570270538,-0.36496081948280334
0.5870650410652161,-0.7097530364990234,149.69544545999094,209,-177.1014232007183,-0.7097530364990234,-0.23182222247123718,-0.33684492111206055
0.5870755314826965,-0.7115210890769958,150.56877859619058,211,-177.1014232007183,-0.7115210890769958,-0.23299267888069153,-0.33518874645233154
0.5870861411094666,-0.6820179224014282,154.5291417229193,217,-177.17287542183874,-0.6820179224014282,-0.23260387778282166,-0.319463312625885
0.5870805382728577,-0.6875689625740051,151.15949238466783,211,-177.06432655357884,-0.6875689625740051,-0.21865901350975037,-0.3198903203010559
0.5870581865310669,-0.7042837738990784,148.83739922083237,205,-176.98721249581666,-0.7042837738990784,-0.21884433925151825,-0.3301990330219269
0.5870612859725952,-0.7487437725067139,144.2614133806401,197,-176.08175113593262,-0.7487437725067139,-0.21895572543144226,-0.34537166357040405
0.5870663523674011,-0.7325942516326904,148.55477766208813,207,-176.37851529588266,-0.7325942516326904,-0.22605888545513153,-0.33327892422676086
0.5869892835617065,-0.7744229435920715,148.69587650440903,212,-176.37851529588266,-0.7744229435920715,-0.2391759157180786,-0.3378292918205261
0.5869683623313904,-0.7208552956581116,151.75699041431315,213,-177.1014232007183,-0.7208552956581116,-0.23860406875610352,-0.33407700061798096
0.5872293710708618,-0.6971853375434875,155.16351493692827,219,-177.2072976342867,-0.6971853375434875,-0.23655588924884796,-0.31863126158714294
0.5869606137275696,-0.7391197085380554,148.7815972356536,208,-176.98721249581666,-0.7391197085380554,-0.23606809973716736,-0.3434372544288635
0.5869235396385193,-0.6856765151023865,151.3895403340348,208,-177.0262689175199,-0.6856765151023865,-0.2281533032655716,-0.33488959074020386
0.5873048901557922,-0.728074848651886,148.6407167562914,207,-177.0262689175199,-0.728074848651886,-0.22811472415924072,-0.3367554545402527
0.5874022841453552,-0.7814455032348633,149.2067661177604,213,-177.1014232007183,-0.7814455032348633,-0.24728667736053467,-0.3429688811302185
0.5873204469680786,-0.7062565088272095,154.91977296680358,219,-177.17287542183874,-0.7062565088272095,-0.24409694969654083,-0.32722556591033936
0.5870896577835083,-0.77432781457901,150.56877859619058,215,-177.13759477388825,-0.77432781457901,-0.24709515273571014,-0.3373444974422455
0.5870755910873413,-0.7019470930099487,153.434948822922,214,-177.13759477388825,-0.7019470930099487,-0.24001570045948029,-0.33161771297454834
0.587114155292511,-0.7044392228126526,153.28030471932593,215,-177.13759477388825,-0.7044392228126526,-0.23959548771381378,-0.3311769664287567
0.5871372222900391,-0.7907179594039917,149.55137645615952,214,-177.06432655357884,-0.7907179594039917,-0.2562534809112549,-0.3495725989341736
0.5871378779411316,-0.7337594628334045,147.1670494844108,203,-176.9059419410829,-0.7337594628334045,-0.23203352093696594,-0.3483641743659973
0.5872204303741455,-0.7457971572875977,146.62375598406567,203,-176.94711748520757,-0.7457971572875977,-0.23223908245563507,-0.3477723300457001
0.5868260264396667,-0.7491509914398193,145.73120690841245,201,-176.9059419410829,-0.7491509914398193,-0.23047080636024475,-0.3483256697654724
0.5865684151649475,-0.7906922101974487,142.5729486405434,197,-176.82016988013575,-0.7906922101974487,-0.2298601120710373,-0.3548845648765564
0.5864906907081604,-0.7338908910751343,145.24408744645862,198,-176.9059419410829,-0.7338908910751343,-0.2227080762386322,-0.34686756134033203
0.586492121219635,-0.6108757257461548,156.05553423323033,213,-177.13759477388825,-0.6108757257461548,-0.20725393295288086,-0.30134817957878113
0.5867741703987122,-0.7311347723007202,146.80579230058908,203,-176.98721249581666,-0.7311347723007202,-0.2162051647901535,-0.3327943682670593
0.586721658706665,-0.7282639741897583,147.9426242657946,206,-176.28471089457122,-0.7282639741897583,-0.2171378880739212,-0.32788848876953125
0.5868183970451355,-0.7259584069252014,149.63572899983967,210,-177.1014232007183,-0.7259584069252014,-0.22106215357780457,-0.3228455185890198
0.5868450403213501,-0.7515601515769958,147.9426242657946,208,-177.06432655357884,-0.7515601515769958,-0.2211419641971588,-0.3268122971057892
0.5867910981178284,-0.74361652135849,148.97934598959569,210,-177.1014232007183,-0.74361652135849,-0.22533771395683289,-0.3278762698173523
0.5863058567047119,-0.7588926553726196,145.24408744645862,202,-176.94711748520757,-0.7588926553726196,-0.22637316584587097,-0.34525424242019653
0.5863745212554932,-0.7595062255859375,143.78828531004112,196,-176.9059419410829,-0.7595062255859375,-0.2263963222503662,-0.3551235795021057
0.5863625407218933,-0.8698054552078247,141.245252678677,202,-176.9059419410829,-0.8698054552078247,-0.25232115387916565,-0.3707125186920166
0.5863282680511475,-0.7326451539993286,149.3813945910906,208,-177.06432655357884,-0.7326451539993286,-0.23485562205314636,-0.33975741267204285
0.5862722992897034,-0.7885582447052002,148.52316065041603,212,-176.37851529588266,-0.7885582447052002,-0.24595651030540466,-0.3427673280239105
0.5862986445426941,-0.6687806844711304,154.5366549381284,214,-177.13759477388825,-0.6687806844711304,-0.23503586649894714,-0.32855403423309326
0.5863023400306702,-0.8372157216072083,147.40288312176523,214,-177.1014232007183,-0.8372157216072083,-0.25808772444725037,-0.35255879163742065
0.5866215825080872,-0.7757118940353394,145.54961157081232,203,-176.94711748520757,-0.7757118940353394,-0.2367819845676422,-0.3508021831512451
0.5864523649215698,-0.6970230937004089,146.30993247402023,194,-176.68221883166518,-0.6970230937004089,-0.2189895361661911,-0.35022789239883423
0.586730420589447,-0.6788045167922974,149.98485759656364,205,-176.98721249581666,-0.6788045167922974,-0.21762073040008545,-0.3294472098350525
0.5867652297019958,-0.7062765955924988,151.75699041431315,213,-177.13759477388825,-0.7062765955924988,-0.22777052223682404,-0.32468849420547485
0.5866672992706299,-0.7544939517974854,146.8945629947254,205,-177.0262689175199,-0.7544939517974854,-0.2304326295852661,-0.34162014722824097
0.5870947241783142,-0.791728675365448,140.84789151684757,191,-175.91438322002512,-0.791728675365448,-0.2266772985458374,-0.36359137296676636
0.5870998501777649,-0.777848482131958,141.79151732416034,191,-176.02750405924934,-0.777848482131958,-0.22647631168365479,-0.361605167388916
0.5870651006698608,-0.7439345717430115,142.91319129926546,191,-175.97173633351485,-0.7439345717430115,-0.2197512835264206,-0.35657599568367004
0.585707426071167,-0.7893848419189453,144.3334851439047,201,-176.98721249581666,-0.7893848419189453,-0.23780393600463867,-0.3549123704433441
0.5857143402099609,-0.7368276715278625,147.54141959085692,205,-176.98721249581666,-0.7368276715278625,-0.23108360171318054,-0.34278154373168945
0.5856134295463562,-0.7268797159194946,148.38162568945788,205,-177.0262689175199,-0.7268797159194946,-0.23118305206298828,-0.34143421053886414
0.5859764814376831,-0.664167582988739,153.51269067414552,211,-177.06432655357884,-0.664167582988739,-0.2312043011188507,-0.32984307408332825
0.5864343643188477,-0.6738795042037964,152.97227425405032,211,-176.33221194446858,-0.6738795042037964,-0.22943997383117676,-0.32976511120796204
0.5878499746322632,-0.6465035676956177,155.33618528753647,215,-177.1014232007183,-0.6465035676956177,-0.22993847727775574,-0.32265353202819824
0.587988018989563,-0.6510612964630127,156.80140948635182,218,-177.1014232007183,-0.6510612964630127,-0.23885218799114227,-0.32281413674354553
0.5879800915718079,-0.7044479846954346,151.44418579148876,212,-176.98721249581666,-0.7044479846954346,-0.23890049755573273,-0.3387952148914337
0.5873835682868958,-0.6921510100364685,152.66592414034398,213,-177.76882539196876,-0.6921510100364685,-0.23861689865589142,-0.3355541527271271
0.5871616005897522,-0.7037907838821411,151.8374726256764,213,-177.73949808885874,-0.7037907838821411,-0.2384975701570511,-0.33705076575279236
0.5887545347213745,-0.6890535950660706,151.97794059866462,213,-177.73949808885874,-0.6890535950660706,-0.23060324788093567,-0.32960253953933716
0.5887300372123718,-0.6890316605567932,148.83739922083237,205,-177.6467031338917,-0.6890316605567932,-0.21698319911956787,-0.3316284418106079
0.5881300568580627,-0.6368144750595093,150.27596869468223,199,-176.63353933657018,-0.6368144750595093,-0.21861279010772705,-0.3425774574279785
0.5876913070678711,-0.6672671437263489,144.77480812210212,181,-176.1214754971523,-0.6672671437263489,-0.2186521291732788,-0.37119239568710327
0.5875148177146912,-0.6393836140632629,138.93806166061955,137,-171.86989764584402,-0.6393836140632629,-0.1889944076538086,-0.399722158908844
0.5872748494148254,-0.5732234120368958,143.09924841017389,139,-169.9920201985587,-0.5732234120368958,-0.17343202233314514,-0.3804157078266144
0.5872305631637573,-0.5958145260810852,141.5288968009768,142,-168.9964591482505,-0.5958145260810852,-0.17998865246772766,-0.38088810443878174
0.5871681571006775,-0.5788429975509644,140.96448710125313,128,-165.4655449194599,-0.5788429975509644,-0.16996803879737854,-0.38628730177879333
0.586798369884491,-0.5993665456771851,140.06096144312733,133,-162.18111108547723,-0.5993665456771851,-0.17909033596515656,-0.38927406072616577
0.5868204236030579,-0.5881166458129883,140.40521510548493,132,-161.565051177078,-0.5881166458129883,-0.1775231659412384,-0.38855379819869995
0.5867521166801453,-0.5923415422439575,140.29008120537128,133,-162.18111108547723,-0.5923415422439575,-0.17876800894737244,-0.3878135681152344
0.5868111848831177,-0.6286419034004211,137.33110747688488,127,-161.565051177078,-0.6286419034004211,-0.17907027900218964,-0.39454448223114014
0.587151288986206,-0.6176458597183228,137.765267832719,122,-157.38013505195957,-0.6176458597183228,-0.18356189131736755,-0.40078821778297424
0.5872637033462524,-0.6190308332443237,138.74492717354207,135,-160.97439396243132,-0.6190308332443237,-0.18938367068767548,-0.3924484848976135
0.5873886942863464,-0.6182094812393188,139.19000772552386,139,-162.12130340415865,-0.6182094812393188,-0.19029441475868225,-0.3866817057132721
0.5874345302581787,-0.6287330985069275,138.85563366127175,142,-163.14160123226173,-0.6287330985069275,-0.193232923746109,-0.3867032825946808
0.5860213041305542,-0.5859795808792114,142.45024906865618,148,-165.57922687248902,-0.5859795808792114,-0.19385118782520294,-0.37869247794151306
0.5853904485702515,-0.5917757153511047,141.19883731350566,132,-159.67686317033707,-0.5917757153511047,-0.1937754601240158,-0.3983311653137207
0.5851916670799255,-0.592801570892334,141.5532742410586,135,-160.3461759419467,-0.592801570892334,-0.19562795758247375,-0.3979688882827759
0.585127055644989,-0.5931655168533325,143.3786725062156,156,-164.87599269168945,-0.5931655168533325,-0.20298269391059875,-0.3772713541984558
0.5853922963142395,-0.5932706594467163,143.2541861439517,157,-165.25643716352928,-0.5932706594467163,-0.2019343078136444,-0.3769264817237854
0.5854297876358032,-0.5901691913604736,142.5729486405434,153,-165.25643716352928,-0.5901691913604736,-0.19301065802574158,-0.3722289204597473
0.5851739048957825,-0.5894712805747986,141.6721999971994,146,-162.5528115767178,-0.5894712805747986,-0.18389427661895752,-0.37328842282295227
0.5854232907295227,-0.5978410243988037,140.65757096171092,145,-162.07208023799276,-0.5978410243988037,-0.18446379899978638,-0.3756820559501648
0.5854213237762451,-0.601345956325531,141.03151461063365,151,-163.85566121971655,-0.601345956325531,-0.18516163527965546,-0.3679005205631256
0.5856765508651733,-0.6152430176734924,139.30222083292878,144,-163.44292862436336,-0.6152430176734924,-0.17630881071090698,-0.3678024411201477
0.5859060287475586,-0.6421144008636475,137.55159968867784,144,-161.565051177078,-0.6421144008636475,-0.1798858493566513,-0.372627854347229
0.5856877565383911,-0.6365975737571716,138.08850398957495,145,-162.5528115767178,-0.6365975737571716,-0.18029464781284332,-0.37257304787635803
0.5856236815452576,-0.6203211545944214,140.44538590587226,152,-163.85566121971655,-0.6203211545944214,-0.19110801815986633,-0.3736424446105957
0.5859380960464478,-0.6245878338813782,139.52778602540616,150,-162.030860259843,-0.6245878338813782,-0.18668097257614136,-0.37276691198349
0.5856016278266907,-0.5989250540733337,141.14992003519004,148,-161.565051177078,-0.5989250540733337,-0.18581032752990723,-0.37313222885131836
0.5858389735221863,-0.6074211001396179,141.62750624281617,154,-162.89727103094762,-0.6074211001396179,-0.19029517471790314,-0.3716135621070862
0.5858348608016968,-0.6056278944015503,140.34917742952928,144,-161.07535558394878,-0.6056278944015503,-0.1870362013578415,-0.3803040385246277
0.5858370661735535,-0.6033264398574829,140.58260575653108,144,-161.07535558394878,-0.6033264398574829,-0.18701596558094025,-0.3802058696746826
0.5858398675918579,-0.6108074188232422,139.6582541096756,138,-158.83874018317172,-0.6108074188232422,-0.1882665902376175,-0.3881251811981201
0.5856316685676575,-0.6506649851799011,138.41504727846421,142,-160.55996517182382,-0.6506649851799011,-0.20195989310741425,-0.39619842171669006
0.5856561660766602,-0.6470397114753723,140.21366859120005,160,-165.06858282186246,-0.6470397114753723,-0.20505523681640625,-0.37630730867385864
0.5856600999832153,-0.6282585859298706,141.03151461063365,157,-164.40718906073366,-0.6282585859298706,-0.19922682642936707,-0.37520068883895874
0.5856333374977112,-0.6129034757614136,141.8686912845874,158,-163.53998518795996,-0.6129034757614136,-0.19660483300685883,-0.3698076605796814
0.5858076810836792,-0.6261580586433411,140.6786616270513,156,-163.68614757373945,-0.6261580586433411,-0.19709184765815735,-0.3747527003288269
0.5859000086784363,-0.6321398615837097,140.34917742952928,156,-163.68614757373945,-0.6321398615837097,-0.19757594168186188,-0.3745342493057251
0.5862534046173096,-0.6423538327217102,137.66776628044633,144,-162.030860259843,-0.6423538327217102,-0.18194498121738434,-0.37659209966659546
0.5867356061935425,-0.6418522596359253,138.2085210436119,147,-162.89727103094762,-0.6418522596359253,-0.18272891640663147,-0.372758686542511
0.5870363116264343,-0.6314539313316345,138.8696882888107,147,-162.89727103094762,-0.6314539313316345,-0.18251967430114746,-0.3729803264141083
0.586790919303894,-0.6280239820480347,138.8696882888107,147,-162.47443162627712,-0.6280239820480347,-0.18171563744544983,-0.37301480770111084
0.5868126749992371,-0.6444846987724304,138.1969828325081,146,-162.47443162627712,-0.6444846987724304,-0.18951764702796936,-0.3819337487220764
0.586804986000061,-0.7071111798286438,134.90239229286934,142,-161.565051177078,-0.7071111798286438,-0.20189662277698517,-0.3970406651496887
0.5867431163787842,-0.6569194197654724,138.85563366127175,154,-164.05460409907712,-0.6569194197654724,-0.20106223225593567,-0.38126057386398315
0.5867614150047302,-0.6347454786300659,139.86899697409257,151,-162.89727103094762,-0.6347454786300659,-0.19802328944206238,-0.381420761346817
0.5867795348167419,-0.6089736223220825,140.5618284656437,147,-162.89727103094762,-0.6089736223220825,-0.18790559470653534,-0.3759484589099884
0.5867806077003479,-0.6135669946670532,141.03151461063365,153,-162.89727103094762,-0.6135669946670532,-0.19411225616931915,-0.37583473324775696
0.5867644548416138,-0.5898709893226624,142.47868950814828,153,-163.3007557660064,-0.5898709893226624,-0.18893389403820038,-0.3693541884422302
0.5867628455162048,-0.5992667078971863,141.8686912845874,154,-163.3007557660064,-0.5992667078971863,-0.18928925693035126,-0.369324266910553
0.5867502689361572,-0.6177448630332947,142.72552182512348,165,-165.37912601136836,-0.6177448630332947,-0.20728015899658203,-0.3724067807197571
0.5866256356239319,-0.5931226015090942,142.3558821892279,152,-163.3007557660064,-0.5931226015090942,-0.18959763646125793,-0.3718413710594177
0.5867063999176025,-0.6449149250984192,139.7724388316847,159,-165.06858282186246,-0.6449149250984192,-0.19608540832996368,-0.37000682950019836
0.5866392850875854,-0.6293806433677673,140.4656953668933,157,-165.06858282186246,-0.6293806433677673,-0.19359488785266876,-0.36993491649627686
0.5866916179656982,-0.6189510226249695,140.09839182115232,143,-162.89727103094762,-0.6189510226249695,-0.19254498183727264,-0.38625288009643555
0.5866984724998474,-0.6200834512710571,139.7724388316847,143,-162.47443162627712,-0.6200834512710571,-0.19257095456123352,-0.3864472508430481
0.5866997838020325,-0.6073988676071167,139.64114021074545,135,-161.07535558394878,-0.6073988676071167,-0.1821364164352417,-0.38617873191833496
0.5867961049079895,-0.6089635491371155,139.64114021074545,137,-161.565051177078,-0.6089635491371155,-0.18335570394992828,-0.38564640283584595
0.5868169069290161,-0.605929970741272,140.21366859120005,142,-162.030860259843,-0.605929970741272,-0.18350782990455627,-0.37920087575912476
0.587354302406311,-0.6247774958610535,139.85111609530156,150,-164.98163936884933,-0.6247774958610535,-0.18536031246185303,-0.37257540225982666
0.5873255133628845,-0.6254357695579529,141.36396592691605,159,-165.96375653207352,-0.6254357695579529,-0.1980406939983368,-0.3730451464653015
0.5873318910598755,-0.6258543133735657,140.44538590587226,154,-164.05460409907712,-0.6258543133735657,-0.19157668948173523,-0.3730430006980896
0.5873500108718872,-0.6258729696273804,140.32933294925678,157,-164.74488129694222,-0.6258729696273804,-0.1887086033821106,-0.36657196283340454
0.5874318480491638,-0.6464470624923706,138.08850398957495,139,-162.07208023799276,-0.6464470624923706,-0.19479739665985107,-0.3949125409126282
0.5874380469322205,-0.630538284778595,139.64114021074545,145,-163.85566121971655,-0.630538284778595,-0.19479314982891083,-0.38637614250183105
0.5874846577644348,-0.62228924036026,140.65757096171092,153,-165.32360686255,-0.62228924036026,-0.19459745287895203,-0.3763737082481384
0.5873917937278748,-0.6222723722457886,139.64114021074545,137,-161.02959219151347,-0.6222723722457886,-0.1958429366350174,-0.3977128267288208
0.5873772501945496,-0.6088894605636597,141.98988504400103,159,-165.65066795705286,-0.6088894605636597,-0.19522860646247864,-0.3684135675430298
0.5874728560447693,-0.6272151470184326,142.47868950814828,169,-167.34744349944202,-0.6272151470184326,-0.20779919624328613,-0.36808428168296814
0.5875082015991211,-0.6194391250610352,142.04332090115778,163,-166.26373169437744,-0.6194391250610352,-0.20116274058818817,-0.36816638708114624
0.5870107412338257,-0.5997716188430786,143.34974555893106,164,-166.26373169437744,-0.5997716188430786,-0.19645090401172638,-0.3629448115825653
0.5869959592819214,-0.6028074622154236,142.72552182512348,159,-165.32360686255,-0.6028074622154236,-0.20105095207691193,-0.37564894556999207
0.5868910551071167,-0.6211367249488831,141.50751311280774,159,-166.90810693565314,-0.6211367249488831,-0.2010568082332611,-0.3754599094390869
0.5868726372718811,-0.615847110748291,141.98988504400103,161,-167.19573393471325,-0.615847110748291,-0.19867847859859467,-0.369396835565567
0.5871149301528931,-0.5971065759658813,141.2687209561442,151,-164.62374875117382,-0.5971065759658813,-0.17966337502002716,-0.36335664987564087
0.5871532559394836,-0.6197378039360046,139.52778602540616,148,-162.030860259843,-0.6197378039360046,-0.1809687614440918,-0.3694520592689514
0.5848855376243591,-0.5963424444198608,141.48307369289725,150,-161.565051177078,-0.5963424444198608,-0.18357744812965393,-0.36881107091903687
0.585352897644043,-0.6077708601951599,140.54120477803986,148,-161.07535558394878,-0.6077708601951599,-0.18410441279411316,-0.37232276797294617
0.585281252861023,-0.6430125832557678,137.63942613790726,141,-160.01689347810003,-0.6430125832557678,-0.1845051348209381,-0.3825848698616028
0.5854554772377014,-0.6413273811340332,138.08850398957495,141,-160.01689347810003,-0.6413273811340332,-0.19051820039749146,-0.38748329877853394
0.5855332016944885,-0.6419638991355896,137.65825223470782,139,-160.01689347810003,-0.6419638991355896,-0.1873399317264557,-0.38645312190055847
0.5857402682304382,-0.6388998031616211,137.65825223470782,131,-155.85445803957836,-0.6388998031616211,-0.1895011067390442,-0.3980700969696045
